Autism,None
Alabama,AdministrativeArea|Region|PopulatedPlace|Place|Location
Abraham Lincoln,Person|NaturalPerson
Animalia (book),Book|WrittenWork|Work|CreativeWork
Academy Awards,None
Actrius,Movie|Work|CreativeWork
Allan Dwan,Person|NaturalPerson
Alain Connes,Person|NaturalPerson
Aristotle,Person|NaturalPerson
Academy Award for Best Production Design,None
Ayn Rand,Person|NaturalPerson
Algeria,Country|PopulatedPlace|Place|Location
Andre Agassi,Athlete|Person|NaturalPerson
Animal Farm,Book|WrittenWork|Work|CreativeWork
Andorra,Country|PopulatedPlace|Place|Location
Alaska,AdministrativeArea|Region|PopulatedPlace|Place|Location
Aldous Huxley,Person|NaturalPerson
America the Beautiful,MusicRecording|MusicalWork|Work|CreativeWork|Document
American National Standards Institute,Organization|SocialPerson
A Modest Proposal,Book|WrittenWork|Work|CreativeWork
Apollo,Satellite|CelestialBody|Place|Location|Document|Work|CreativeWork
Andrei Tarkovsky,Person|NaturalPerson
Andrei Tarkovsky Hoffmanniana,Work|CreativeWork
Asia,Continent|PopulatedPlace|Place|Location
Atlantic Ocean,BodyOfWater|NaturalPlace|Place|Location
Arthur Schopenhauer,Person|NaturalPerson
Aruba,Country|PopulatedPlace|Place|Location
Angolan Armed Forces,Organisation|Organization|SocialPerson
Albert Sidney Johnston,Person|NaturalPerson
Angola,Country|PopulatedPlace|Place|Location
Afghanistan,Country|PopulatedPlace|Place|Location
Albania,Country|PopulatedPlace|Place|Location
Albert Einstein,Person|NaturalPerson
Algorithms (journal),PeriodicalLiterature|WrittenWork|Work|CreativeWork
Abortion,None
Azerbaijan,Country|PopulatedPlace|Place|Location
American Revolutionary War,SocietalEvent|Event
Alfred Korzybski,Person|NaturalPerson
Asteroids (video game),Software|Work|CreativeWork
Aquarius (constellation),CelestialBody|Place|Location
Aries (constellation),CelestialBody|Place|Location
Alexander the Great,Person|NaturalPerson
Arabic,Language
Ankara,City|Settlement|PopulatedPlace|Place|Location
Anaconda,Animal|Eukaryote|Species
Austrian German,Language
Aegean Sea,SeaBodyOfWater|BodyOfWater|NaturalPlace|Place|Location
Attila,Person|NaturalPerson
A Clockwork Orange (novel),Book|WrittenWork|Work|CreativeWork
Alfred Hitchcock,Person|NaturalPerson
Alfred Nobel,Person|NaturalPerson
Audi,Organisation|Organization|SocialPerson
Alexander Graham Bell,Person|NaturalPerson
Amsterdam,City|Settlement|PopulatedPlace|Place|Location
Aztlan Underground,Group|Organisation|Organization|SocialPerson|MusicGroup
American Film Institute,Organization|SocialPerson
Andy Warhol,Person|NaturalPerson
Alp Arslan,Person|NaturalPerson
Motor neuron disease,None
Analog Brothers,Group|Organisation|Organization|SocialPerson|MusicGroup
Akira Kurosawa,Person|NaturalPerson
American Civil War,SocietalEvent|Event
Apple Inc.,Organisation|Organization|SocialPerson
MessagePad,Device
Alfons Maria Jakob,Person|NaturalPerson
A. E. van Vogt,Person|NaturalPerson
Anna Kournikova,Athlete|Person|NaturalPerson
ABBA,Group|Organisation|Organization|SocialPerson|MusicGroup
Arne Kaijser,Person|NaturalPerson
Advanced Chemistry,Group|Organisation|Organization|SocialPerson|MusicGroup
Andrey Markov,Person|NaturalPerson
Asociación Alumni,SportsTeam|Organisation|Organization|SocialPerson
Azincourt,PopulatedPlace|Place|Location
A. A. Milne,Person|NaturalPerson
Alvin Toffler,Person|NaturalPerson
Apiaceae,Eukaryote|Species
Acute disseminated encephalomyelitis,None
The Amazing Spider-Man,WrittenWork|Work|CreativeWork
August Derleth,Person|NaturalPerson
Ada Lovelace,Person|NaturalPerson
Albert Speer,Person|NaturalPerson
Antigua and Barbuda,Country|PopulatedPlace|Place|Location
The Plague,Book|WrittenWork|Work|CreativeWork
Albert Camus,Person|NaturalPerson
Alps,NaturalPlace|Place|Location
Aaron,Cleric|Person|NaturalPerson
Miss Marple,Person|NaturalPerson
Hercule Poirot,Person|NaturalPerson
Agatha Christie,Person|NaturalPerson
Achill Island,PopulatedPlace|Place|Location
Allen Ginsberg,Person|NaturalPerson
Auto racing,Activity
Anatoly Karpov,Athlete|Person|NaturalPerson
Abscess,None
Albert Schweitzer,Person|NaturalPerson
Aristophanes,Person|NaturalPerson
Northern cavefish,Animal|Eukaryote|Species
Aalborg Municipality,Place|Location
Anatole France,Person|NaturalPerson
Alexis Carrel,Scientist|Person|NaturalPerson
All Souls' Day,TimeInterval
André Gide,Person|NaturalPerson
Almond,Eukaryote|Species
Aarhus,City|Settlement|PopulatedPlace|Place|Location
Royal Antigua and Barbuda Defence Force,Organisation|Organization|SocialPerson
Azerbaijani Armed Forces,Organisation|Organization|SocialPerson
Armed Forces of Armenia,Organisation|Organization|SocialPerson
Augustin-Jean Fresnel,Person|NaturalPerson
Ardipithecus,Animal|Eukaryote|Species
Abner Doubleday,Person|NaturalPerson
Adelaide,City|Settlement|PopulatedPlace|Place|Location
Afro Celt Sound System,Group|Organisation|Organization|SocialPerson|MusicGroup
Accordion,Document|Work|CreativeWork
Alan Garner,Person|NaturalPerson
Anaximander,Person|NaturalPerson
Amber Diceless Roleplaying Game,Activity
American Sign Language,Language
Ashmore and Cartier Islands,PopulatedPlace|Place|Location
Alan Turing,Person|NaturalPerson
Alfonso Cuarón,Person|NaturalPerson
Ada (programming language),Language
Ashoka,Person|NaturalPerson
Alexander Mackenzie (politician),Person|NaturalPerson
Anguilla,Country|PopulatedPlace|Place|Location
Antoninus Pius,Person|NaturalPerson
Athens,AdministrativeArea|Region|PopulatedPlace|Place|Location
Alfred Lawson,Person|NaturalPerson|Athlete
Abensberg,Settlement|PopulatedPlace|Place|Location
The Alan Parsons Project,Group|Organisation|Organization|SocialPerson|MusicGroup
Abalone,Animal|Eukaryote|Species
Augustus,Person|NaturalPerson
Ames Iowa,City|Settlement|PopulatedPlace|Place|Location
Park Güell,Park|Place|Location
Casa Batlló,ArchitecturalStructure|Place|Location
Casa Milà,ArchitecturalStructure|Place|Location
Arabian Prince,Artist|Person|NaturalPerson|MusicGroup
Apache Software Foundation,Organization|SocialPerson
Apple I,Device
Anadyr River,RiverBodyOfWater|Stream|BodyOfWater|NaturalPlace|Place|Location
Americans with Disabilities Act of,Document|Work|CreativeWork
Anbar (town),PopulatedPlace|Place|Location
André-Marie Ampère,Person|NaturalPerson
Andes,NaturalPlace|Place|Location
AK-47,Device|Product
Assembly language,Language
Amethyst,ChemicalSubstance|ChemicalObject
Arachnophobia,None
Ammonia,ChemicalSubstance|ChemicalObject
Alder,Eukaryote|Species
Ambrose,Cleric|Person|NaturalPerson
Amos Bronson Alcott,Person|NaturalPerson
Ahab,Person|NaturalPerson
Angilbert,Cleric|Person|NaturalPerson
Alcuin,Cleric|Person|NaturalPerson
Algol,CelestialBody|Place|Location
Algol The constellation Perseus and Algol the Bright St,Person|NaturalPerson
AOL,Organisation|Organization|SocialPerson
AOL Desktop,Work|CreativeWork
Amazing Grace,Document|Work|CreativeWork
Aleister Crowley,Person|NaturalPerson
Aare,RiverBodyOfWater|Stream|BodyOfWater|NaturalPlace|Place|Location
Antonio Vivaldi,Document|Work|CreativeWork
Adrian,Name
Abbotsford House,ArchitecturalStructure|Place|Location
Abraham,Person|NaturalPerson
Abraham Abraham,Cleric|Person|NaturalPerson
Alan Kay,Person|NaturalPerson
ALGOL,Language
AWK,Language
APL (programming language),Language
Acapulco,City|Settlement|PopulatedPlace|Place|Location
Alabama River,RiverBodyOfWater|Stream|BodyOfWater|NaturalPlace|Place|Location
Albert Alcibiades Margrave of Brandenburg-Kulmbach,Person|NaturalPerson
Dodo (Alice's Adventures in Wonderland),Person|NaturalPerson
Alfred Russel Wallace,Person|NaturalPerson
Albert Duke of Prussia,Person|NaturalPerson
Australian Labor Party,Organisation|Organization|SocialPerson
Albert the Bear,Person|NaturalPerson
Agate,ChemicalSubstance|ChemicalObject
Ahmed II,Person|NaturalPerson
Ahmed III,Person|NaturalPerson
Ahmed I,Person|NaturalPerson
Aspirin,ChemicalSubstance|ChemicalObject
Aachen,PopulatedPlace|Place|Location
Ainu people,None
Alexander Agassiz,Person|NaturalPerson
Aga Khan I,Person|NaturalPerson
Agnes of Merania,Person|NaturalPerson
Arthur Aikin,Person|NaturalPerson
Ailanthus,Eukaryote|Species
Agrippina the Elder,Person|NaturalPerson
Agrippina the Younger,Person|NaturalPerson
Aga Khan III,Person|NaturalPerson
Alaric I,Person|NaturalPerson
Ahmad Shah Durrani,Person|NaturalPerson
Amaranth,Eukaryote|Species
Alboin,Person|NaturalPerson
Akkadian Empire,Country|PopulatedPlace|Place|Location
Afonso de Albuquerque,Person|NaturalPerson
Albertus Magnus,Cleric|Person|NaturalPerson
Albertus Magnus Albertus Magnus,Person|NaturalPerson
Alexander Balas,Person|NaturalPerson
Alexander I of Scotland,Person|NaturalPerson
Alexander I of Serbia,Person|NaturalPerson
Ealdred (archbishop of York),Cleric|Person|NaturalPerson
Alexander II of Scotland,Person|NaturalPerson
Alexander,Name
Alexander Jagiellon,Person|NaturalPerson
Alexander Jannaeus,Person|NaturalPerson
Alexios II Komnenos,Person|NaturalPerson
Alexei Petrovich Tsarevich of Russia,Person|NaturalPerson
Alexander III of Russia,Person|NaturalPerson
Alexander III of Scotland,Person|NaturalPerson
Alexios V Doukas,Person|NaturalPerson
Severus Alexander,Person|NaturalPerson
Alexios I Komnenos,Person|NaturalPerson
Alexios III Angelos,Person|NaturalPerson
Aleksandr Solzhenitsyn,Person|NaturalPerson
Andrew Johnson,Person|NaturalPerson
Andrew Jackson,Person|NaturalPerson
Aberdeen,City|Settlement|PopulatedPlace|Place|Location
Hymn to Proserpine,WrittenWork|Work|CreativeWork
Alessandro Algardi,Person|NaturalPerson
Alessandro Allori,Person|NaturalPerson
Amalasuntha,Person|NaturalPerson
Amalric of Bena,Person|NaturalPerson
Afonso IV of Portugal,Person|NaturalPerson
Afonso II of Portugal,Person|NaturalPerson
Almoravid dynasty,Country|PopulatedPlace|Place|Location
Afonso VI of Portugal,Person|NaturalPerson
Afonso III of Portugal,Person|NaturalPerson
Alfonso XII of Spain,Person|NaturalPerson
Alfred the Great,Person|NaturalPerson
Ibn al-Haytham,Person|NaturalPerson
Alfonso III of Aragon,Person|NaturalPerson
Alfonso IV of Aragon,Person|NaturalPerson
Afonso I of Portugal,Person|NaturalPerson
Afonso V of Portugal,Person|NaturalPerson
Alfonso the Battler,Person|NaturalPerson
Alfonso XIII of Spain,Person|NaturalPerson
Algiers,City|Settlement|PopulatedPlace|Place|Location
Alfonso V of Aragon,Person|NaturalPerson
St. Ambrose Traversari,Cleric|Person|NaturalPerson
Anastasius,Name
Amyntas III of Macedon,Person|NaturalPerson
Amyntas I of Macedon,Person|NaturalPerson
Ancyra (genus),Animal|Eukaryote|Species
Amphipolis,AdministrativeArea|Region|PopulatedPlace|Place|Location
Ananda,Person|NaturalPerson
Anaximenes of Miletus,Person|NaturalPerson
Abu Bakr,Person|NaturalPerson
Anah,PopulatedPlace|Place|Location
Anaxagoras,Person|NaturalPerson
Ammon,Country|PopulatedPlace|Place|Location
Ancus Marcius,Person|NaturalPerson
Amazon River,RiverBodyOfWater|Stream|BodyOfWater|NaturalPlace|Place|Location
Andaman Islands,PopulatedPlace|Place|Location
Andronikos I Komnenos,Person|NaturalPerson
Andronikos III Palaiologos,Person|NaturalPerson
Andronikos II Palaiologos,Person|NaturalPerson
Andrew II of Hungary,Person|NaturalPerson
Arthritis,None
Apuleius,Person|NaturalPerson
Acetylene,ChemicalSubstance|ChemicalObject
Alexander Selkirk,Person|NaturalPerson
Adenosine triphosphate,ChemicalSubstance|ChemicalObject
Arnold Schwarzenegger,Person|NaturalPerson
Arnold Schwarzenegger The Austrian Oak,Athlete|Person|NaturalPerson
Amway,Organisation|Organization|SocialPerson
Antoine Lavoisier,Person|NaturalPerson
Hermann Kolbe,Person|NaturalPerson
Adam Smith,Person|NaturalPerson
Augustin-Louis Cauchy,Person|NaturalPerson
Amitabh Bachchan,Person|NaturalPerson
Archimedes,Person|NaturalPerson
Alfred Jarry,Person|NaturalPerson
Absalon,Cleric|Person|NaturalPerson
Amalric of Jerusalem,Person|NaturalPerson
Alexius,Name
Aimery of Cyprus,Person|NaturalPerson
Acquire,Activity
Arizona State University,CollegeOrUniversity|EducationalInstitution|EducationalOrganization|Organisation|Organization|SocialPerson
American English,Language
Albert Spalding,Athlete|Person|NaturalPerson
Astoria Oregon,City|Settlement|PopulatedPlace|Place|Location
Ampicillin,ChemicalSubstance|ChemicalObject
Alessandro Volta,Person|NaturalPerson
Antlia,CelestialBody|Place|Location
Apus,CelestialBody|Place|Location
Ara (constellation),CelestialBody|Place|Location
Alexander Fleming,Person|NaturalPerson
Arkansas,AdministrativeArea|Region|PopulatedPlace|Place|Location
Abadan Iran,City|Settlement|PopulatedPlace|Place|Location
Australian Democrats,Organisation|Organization|SocialPerson
Andrew Carnegie,Person|NaturalPerson
Australian Capital Territory,AdministrativeArea|Region|PopulatedPlace|Place|Location
Ally McBeal,Work|CreativeWork
Adobe Systems,Organisation|Organization|SocialPerson
American Civil Liberties Union,Organization|SocialPerson
Alan Ayckbourn,Person|NaturalPerson
Actinophryid,Species
Abel Tasman,Person|NaturalPerson
Amiga,Device
Alpha Centauri,CelestialBody|Place|Location
Austin Texas,City|Settlement|PopulatedPlace|Place|Location
Alvar Aalto,Person|NaturalPerson
Arbor Day,TimeInterval
A. J. Ayer,Person|NaturalPerson
Atle Selberg,Person|NaturalPerson
Aeschylus,Person|NaturalPerson
August Horch,Person|NaturalPerson
André Weil,Person|NaturalPerson
Crandall University,CollegeOrUniversity|EducationalInstitution|EducationalOrganization|Organisation|Organization|SocialPerson
Anne Brontë,Person|NaturalPerson
Alexander Grothendieck,Person|NaturalPerson
Andrew Wiles,Person|NaturalPerson
Auschwitz concentration camp,Place|Location
Augustine of Hippo,Cleric|Person|NaturalPerson
Aristide Maillol,Person|NaturalPerson
Antonio Canova,Person|NaturalPerson
Amerigo Vespucci,Person|NaturalPerson
Auguste Rodin,Person|NaturalPerson
Adam Weishaupt,Person|NaturalPerson
Acorn Electron,Device
Acropolis of Athens,Place|Location
A Fire Upon the Deep,Book|WrittenWork|Work|CreativeWork
Andrew Tridgell,Person|NaturalPerson
Auguste and Louis Lumière,Person|NaturalPerson
Aphasia,None
Aorta,AnatomicalStructure
Assyria,Country|PopulatedPlace|Place|Location
Ann Arbor Michigan,City|Settlement|PopulatedPlace|Place|Location
Applesoft BASIC,Work|CreativeWork
Adalbert of Prague,Cleric|Person|NaturalPerson
IBM AIX,Work|CreativeWork
Apple III,Device
Ælfheah of Canterbury,Cleric|Person|NaturalPerson
Atlanta Falcons,SportsTeam|Organisation|Organization|SocialPerson
Arizona Cardinals,SportsTeam|Organisation|Organization|SocialPerson
Ani DiFranco,Artist|Person|NaturalPerson|MusicGroup
Astrology,Document|Work|CreativeWork
Arizona Diamondbacks,SportsTeam|Organisation|Organization|SocialPerson
Atari ST,Device
Anton Drexler,Person|NaturalPerson
All Quiet on the Western Front,Book|WrittenWork|Work|CreativeWork
African Americans,None
Aaliyah,Person|NaturalPerson|Document|Work|CreativeWork
Afrikaans,Language
Atlanta Braves,SportsTeam|Organisation|Organization|SocialPerson
Ahmad Shah Massoud,Person|NaturalPerson
Armadillo,Animal|Eukaryote|Species
Arcadius,Person|NaturalPerson
Abdulaziz al-Omari,Person|NaturalPerson
Amstrad CPC,Device
Aage Bohr,Person|NaturalPerson
Arabs,None
Arsenal F.C.,SportsTeam|Organisation|Organization|SocialPerson
Arsenal F.C. Mathieu Debuchy,OrganisationMember|Person|NaturalPerson
Arsenal F.C. Kieran Gibbs,OrganisationMember|Person|NaturalPerson
Arsenal F.C. Per Mertesacker,OrganisationMember|Person|NaturalPerson
Arsenal F.C. Gabriel,OrganisationMember|Person|NaturalPerson
Arsenal F.C. Laurent Koscielny,OrganisationMember|Person|NaturalPerson
Arsenal F.C. Alexis Sánchez,OrganisationMember|Person|NaturalPerson
Arsenal F.C. Aaron Ramsey,OrganisationMember|Person|NaturalPerson
Arsenal F.C. Lucas Pérez,OrganisationMember|Person|NaturalPerson
Arsenal F.C. Mesut Özil,OrganisationMember|Person|NaturalPerson
Arsenal F.C. Olivier Giroud,OrganisationMember|Person|NaturalPerson
Arsenal F.C. David Ospina,OrganisationMember|Person|NaturalPerson
Arsenal F.C. Theo Walcott,OrganisationMember|Person|NaturalPerson
Arsenal F.C. Alex Oxlade-Chamberlain,OrganisationMember|Person|NaturalPerson
Arsenal F.C. Rob Holding,OrganisationMember|Person|NaturalPerson
Arsenal F.C. Alex Iwobi,OrganisationMember|Person|NaturalPerson
Arsenal F.C. Nacho Monreal,OrganisationMember|Person|NaturalPerson
Arsenal F.C. Santi Cazorla,OrganisationMember|Person|NaturalPerson
Arsenal F.C. Shkodran Mustafi,OrganisationMember|Person|NaturalPerson
Arsenal F.C. Yaya Sanogo,OrganisationMember|Person|NaturalPerson
Arsenal F.C. Danny Welbeck,OrganisationMember|Person|NaturalPerson
Arsenal F.C. Héctor Bellerín,OrganisationMember|Person|NaturalPerson
Arsenal F.C. Carl Jenkinson,OrganisationMember|Person|NaturalPerson
Arsenal F.C. Emiliano Martínez,OrganisationMember|Person|NaturalPerson
Arsenal F.C. Granit Xhaka,OrganisationMember|Person|NaturalPerson
Arsenal F.C. Jeff Reine-Adélaïde,OrganisationMember|Person|NaturalPerson
Arsenal F.C. Chuba Akpom,OrganisationMember|Person|NaturalPerson
Arsenal F.C. Petr Čech,OrganisationMember|Person|NaturalPerson
Arsenal F.C. Francis Coquelin,OrganisationMember|Person|NaturalPerson
Arsenal F.C. Mohamed Elneny,OrganisationMember|Person|NaturalPerson
Arsenal F.C. Wojciech Szczęsny,OrganisationMember|Person|NaturalPerson
Arsenal F.C. Jack Wilshere,OrganisationMember|Person|NaturalPerson
Arsenal F.C. Calum Chambers,OrganisationMember|Person|NaturalPerson
Arsenal F.C. Joel Campbell,OrganisationMember|Person|NaturalPerson
Arsenal F.C. Takuma Asano,OrganisationMember|Person|NaturalPerson
Arsenal F.C. Ismaël Bennacer,OrganisationMember|Person|NaturalPerson
Arsenal F.C. Krystian Bielik,OrganisationMember|Person|NaturalPerson
Arsenal F.C. Marc Bola,OrganisationMember|Person|NaturalPerson
Arsenal F.C. Tolaji Bola,OrganisationMember|Person|NaturalPerson
Arsenal F.C. Gedion Zelalem,OrganisationMember|Person|NaturalPerson
Arsenal F.C. Josh Dasilva,OrganisationMember|Person|NaturalPerson
Arsenal F.C. Kristopher Da Graca,OrganisationMember|Person|NaturalPerson
Arsenal F.C. Aaron Eyoma,OrganisationMember|Person|NaturalPerson
Arsenal F.C. Charlie Gilmour,OrganisationMember|Person|NaturalPerson
Arsenal F.C. Kaylen Hinds,OrganisationMember|Person|NaturalPerson
Arsenal F.C. Dejan Iliev,OrganisationMember|Person|NaturalPerson
Arsenal F.C. Chiori Johnson,OrganisationMember|Person|NaturalPerson
Arsenal F.C. Hugo Keto,OrganisationMember|Person|NaturalPerson
Arsenal F.C. Ainsley Maitland-Niles,OrganisationMember|Person|NaturalPerson
Arsenal F.C. Stephy Mavididi,OrganisationMember|Person|NaturalPerson
Arsenal F.C. Marcus McGuane,OrganisationMember|Person|NaturalPerson
Arsenal F.C. Savvas Mourgos,OrganisationMember|Person|NaturalPerson
Arsenal F.C. Tyrell Robinson,OrganisationMember|Person|NaturalPerson
Arsenal F.C. Ben Sheaf,OrganisationMember|Person|NaturalPerson
Arsenal F.C. Chris Willock,OrganisationMember|Person|NaturalPerson
Sid Meier's Alpha Centauri,Software|Work|CreativeWork
Ælle of Sussex,Person|NaturalPerson
Apicomplexa,Species
Armenian language,Language
Additive synthesis,Document|Work|CreativeWork
Antipope John XXIII,Cleric|Person|NaturalPerson
Acadia University,CollegeOrUniversity|EducationalInstitution|EducationalOrganization|Organisation|Organization|SocialPerson
Cobble Hill Tunnel,ArchitecturalStructure|Place|Location
Annapolis Valley,PopulatedPlace|Place|Location
Ascorbic acid,ChemicalSubstance|ChemicalObject
Apple II,Device
Alexis Korner,Artist|Person|NaturalPerson|MusicGroup
American Media (publisher),Organisation|Organization|SocialPerson
Arthur Eddington,Person|NaturalPerson
Saint Titus,Cleric|Person|NaturalPerson
Adrenal gland,None
Aramaic language,Document|Work|CreativeWork
AZ Alkmaar,SportsTeam|Organisation|Organization|SocialPerson
AZ Alkmaar Sergio Rochet,OrganisationMember|Person|NaturalPerson
AZ Alkmaar Mattias Johansson,OrganisationMember|Person|NaturalPerson
AZ Alkmaar Rens van Eijden,OrganisationMember|Person|NaturalPerson
AZ Alkmaar Ron Vlaar,OrganisationMember|Person|NaturalPerson
AZ Alkmaar Ridgeciano Haps,OrganisationMember|Person|NaturalPerson
AZ Alkmaar Ben Rienstra,OrganisationMember|Person|NaturalPerson
AZ Alkmaar Alireza Jahanbakhsh,OrganisationMember|Person|NaturalPerson
AZ Alkmaar Joris van Overeem,OrganisationMember|Person|NaturalPerson
AZ Alkmaar Wout Weghorst,OrganisationMember|Person|NaturalPerson
AZ Alkmaar Muamer Tanković,OrganisationMember|Person|NaturalPerson
AZ Alkmaar Pantelis Hatzidiakos,OrganisationMember|Person|NaturalPerson
AZ Alkmaar Jop van der Linden,OrganisationMember|Person|NaturalPerson
AZ Alkmaar Guus Til,OrganisationMember|Person|NaturalPerson
AZ Alkmaar Gino Coutinho,OrganisationMember|Person|NaturalPerson
AZ Alkmaar Iliass Bel Hassani,OrganisationMember|Person|NaturalPerson
AZ Alkmaar Dabney dos Santos,OrganisationMember|Person|NaturalPerson
AZ Alkmaar Mats Seuntjens,OrganisationMember|Person|NaturalPerson
AZ Alkmaar Robert Mühren,OrganisationMember|Person|NaturalPerson
AZ Alkmaar Thomas Ouwejan,OrganisationMember|Person|NaturalPerson
AZ Alkmaar Derrick Luckassen,OrganisationMember|Person|NaturalPerson
AZ Alkmaar Nick Olij,OrganisationMember|Person|NaturalPerson
AZ Alkmaar Jeremy Helmer,OrganisationMember|Person|NaturalPerson
AZ Alkmaar Fred Friday,OrganisationMember|Person|NaturalPerson
AZ Alkmaar Levi García,OrganisationMember|Person|NaturalPerson
AZ Alkmaar Fernando Lewis,OrganisationMember|Person|NaturalPerson
AZ Alkmaar Stijn Wuytens,OrganisationMember|Person|NaturalPerson
AZ Alkmaar Markus Henriksen,OrganisationMember|Person|NaturalPerson
AZ Alkmaar Joris Kramer,OrganisationMember|Person|NaturalPerson
AZ Alkmaar Koen Bucker,OrganisationMember|Person|NaturalPerson
AZ Alkmaar Levi Opdam,OrganisationMember|Person|NaturalPerson
AZ Alkmaar Justin Bakker,OrganisationMember|Person|NaturalPerson
AZ Alkmaar Owen Wijndal,OrganisationMember|Person|NaturalPerson
AZ Alkmaar Nick Doodeman,OrganisationMember|Person|NaturalPerson
AZ Alkmaar Ferdy Druijf,OrganisationMember|Person|NaturalPerson
AZ Alkmaar Jelle Duin,OrganisationMember|Person|NaturalPerson
AZ Alkmaar Jasper Schendelaar,OrganisationMember|Person|NaturalPerson
AZ Alkmaar Daan Boerlage,OrganisationMember|Person|NaturalPerson
AZ Alkmaar Viktor Karl Einarsson,OrganisationMember|Person|NaturalPerson
AZ Alkmaar James Efmorfidis,OrganisationMember|Person|NaturalPerson
AZ Alkmaar Jamie Jacobs,OrganisationMember|Person|NaturalPerson
AZ Alkmaar Furkan Kurban,OrganisationMember|Person|NaturalPerson
AZ Alkmaar Vincent Regeling,OrganisationMember|Person|NaturalPerson
AZ Alkmaar Zia Sakirovski,OrganisationMember|Person|NaturalPerson
AZ Alkmaar Teun Koopmeiners,OrganisationMember|Person|NaturalPerson
AZ Alkmaar Robin Schouten,OrganisationMember|Person|NaturalPerson
AZ Alkmaar Maarten List,OrganisationMember|Person|NaturalPerson
AZ Alkmaar Joey Roggeveen,OrganisationMember|Person|NaturalPerson
AFC Ajax,SportsTeam|Organisation|Organization|SocialPerson
AFC Ajax Tim Krul,OrganisationMember|Person|NaturalPerson
AFC Ajax Kenny Tete,OrganisationMember|Person|NaturalPerson
AFC Ajax Joël Veltman,OrganisationMember|Person|NaturalPerson
AFC Ajax Jaïro Riedewald,OrganisationMember|Person|NaturalPerson
AFC Ajax Davinson Sánchez,OrganisationMember|Person|NaturalPerson
AFC Ajax Riechedly Bazoer,OrganisationMember|Person|NaturalPerson
AFC Ajax Anwar El Ghazi,OrganisationMember|Person|NaturalPerson
AFC Ajax Daley Sinkgraven,OrganisationMember|Person|NaturalPerson
AFC Ajax Bertrand Traoré,OrganisationMember|Person|NaturalPerson
AFC Ajax Davy Klaassen,OrganisationMember|Person|NaturalPerson
AFC Ajax Amin Younes,OrganisationMember|Person|NaturalPerson
AFC Ajax Heiko Westermann,OrganisationMember|Person|NaturalPerson
AFC Ajax Václav Černý,OrganisationMember|Person|NaturalPerson
AFC Ajax Mateo Cassierra,OrganisationMember|Person|NaturalPerson
AFC Ajax Lasse Schöne,OrganisationMember|Person|NaturalPerson
AFC Ajax Frenkie de Jong,OrganisationMember|Person|NaturalPerson
AFC Ajax Hakim Ziyech,OrganisationMember|Person|NaturalPerson
AFC Ajax André Onana,OrganisationMember|Person|NaturalPerson
AFC Ajax Kasper Dolberg,OrganisationMember|Person|NaturalPerson
AFC Ajax Nick Viergever,OrganisationMember|Person|NaturalPerson
AFC Ajax Nemanja Gudelj,OrganisationMember|Person|NaturalPerson
AFC Ajax Donny van de Beek,OrganisationMember|Person|NaturalPerson
AFC Ajax Diederik Boer,OrganisationMember|Person|NaturalPerson
AFC Ajax Abdelhak Nouri,OrganisationMember|Person|NaturalPerson
AFC Ajax Mitchell Dijks,OrganisationMember|Person|NaturalPerson
AFC Ajax Thulani Serero,OrganisationMember|Person|NaturalPerson
AFC Ajax Indy Groothuizen,OrganisationMember|Person|NaturalPerson
AFC Ajax Leeroy Owusu,OrganisationMember|Person|NaturalPerson
AFC Ajax Django Warmerdam,OrganisationMember|Person|NaturalPerson
AFC Ajax Zakaria El Azzouzi,OrganisationMember|Person|NaturalPerson
AFC Ajax Queensy Menig,OrganisationMember|Person|NaturalPerson
AFC Ajax Richairo Živković,OrganisationMember|Person|NaturalPerson
AFC Ajax Robert Murić,OrganisationMember|Person|NaturalPerson
AFC Ajax Norbert Alblas,OrganisationMember|Person|NaturalPerson
AFC Ajax Stan van Bladeren,OrganisationMember|Person|NaturalPerson
AFC Ajax Peter Leeuwenburgh,OrganisationMember|Person|NaturalPerson
AFC Ajax Jeffrey de Lange,OrganisationMember|Person|NaturalPerson
AFC Ajax Léon Bergsma,OrganisationMember|Person|NaturalPerson
AFC Ajax Damil Dankerlui,OrganisationMember|Person|NaturalPerson
AFC Ajax Danilho Doekhi,OrganisationMember|Person|NaturalPerson
AFC Ajax Dragiša Gudelj,OrganisationMember|Person|NaturalPerson
AFC Ajax Terry Lartey Sanniez,OrganisationMember|Person|NaturalPerson
AFC Ajax Nathan Leyder,OrganisationMember|Person|NaturalPerson
AFC Ajax Pascal Struijk,OrganisationMember|Person|NaturalPerson
AFC Ajax Matthijs de Ligt,OrganisationMember|Person|NaturalPerson
AFC Ajax Mauro Savastano,OrganisationMember|Person|NaturalPerson
AFC Ajax Deyovaisio Zeefuik,OrganisationMember|Person|NaturalPerson
AFC Ajax Noussair Mazraoui,OrganisationMember|Person|NaturalPerson
AFC Ajax Markus Bay,OrganisationMember|Person|NaturalPerson
AFC Ajax Pelle Clement,OrganisationMember|Person|NaturalPerson
AFC Ajax Carel Eiting,OrganisationMember|Person|NaturalPerson
AFC Ajax Azor Matusiwa,OrganisationMember|Person|NaturalPerson
AFC Ajax Vince Gino Dekker,OrganisationMember|Person|NaturalPerson
AFC Ajax Adham El Idrissi,OrganisationMember|Person|NaturalPerson
AFC Ajax Justin Kluivert,OrganisationMember|Person|NaturalPerson
AFC Ajax Ezra Walian,OrganisationMember|Person|NaturalPerson
Anton Diabelli,Document|Work|CreativeWork
Arthur Miller,Person|NaturalPerson
Anita Hill,Person|NaturalPerson
Rise and Fall of the City of Mahagonny,Document|Work|CreativeWork
Area,Airport|Infrastructure|ArchitecturalStructure|Place|Location
American Football League,SportsLeague|Organisation|Organization|SocialPerson
Albion Michigan,City|Settlement|PopulatedPlace|Place|Location
Alessandro Scarlatti,Document|Work|CreativeWork
ALF Tales,Work|CreativeWork
Albert Pike,Person|NaturalPerson
Abdul Rashid Dostum,Person|NaturalPerson
Alois Alzheimer,Scientist|Person|NaturalPerson
Akio Morita,Person|NaturalPerson
Andhra Pradesh,PopulatedPlace|Place|Location
American Airlines,Company|Organisation|Organization|SocialPerson
Aalen,Settlement|PopulatedPlace|Place|Location
Aalen Reichsstadt Aalen,Country|PopulatedPlace|Place|Location
Aston Martin,Organisation|Organization|SocialPerson
A.S. Roma,SportsTeam|Organisation|Organization|SocialPerson
A.S. Roma Stadio Olimpico,ArchitecturalStructure|Place|Location
A.S. Roma Wojciech Szczęsny,OrganisationMember|Person|NaturalPerson
A.S. Roma Antonio Rüdiger,OrganisationMember|Person|NaturalPerson
A.S. Roma Juan Jesus,OrganisationMember|Person|NaturalPerson
A.S. Roma Radja Nainggolan,OrganisationMember|Person|NaturalPerson
A.S. Roma Leandro Paredes,OrganisationMember|Person|NaturalPerson
A.S. Roma Kevin Strootman,OrganisationMember|Person|NaturalPerson
A.S. Roma Juan Manuel Iturbe,OrganisationMember|Person|NaturalPerson
A.S. Roma Diego Perotti,OrganisationMember|Person|NaturalPerson
A.S. Roma Edin Džeko,OrganisationMember|Person|NaturalPerson
A.S. Roma Francesco Totti,OrganisationMember|Person|NaturalPerson
A.S. Roma Mohamed Salah,OrganisationMember|Person|NaturalPerson
A.S. Roma Bruno Peres,OrganisationMember|Person|NaturalPerson
A.S. Roma Thomas Vermaelen,OrganisationMember|Person|NaturalPerson
A.S. Roma Daniele De Rossi,OrganisationMember|Person|NaturalPerson
A.S. Roma Bogdan Lobonț,OrganisationMember|Person|NaturalPerson
A.S. Roma Alisson,OrganisationMember|Person|NaturalPerson
A.S. Roma Federico Fazio,OrganisationMember|Person|NaturalPerson
A.S. Roma Mário Rui,OrganisationMember|Person|NaturalPerson
A.S. Roma Alessandro Florenzi,OrganisationMember|Person|NaturalPerson
A.S. Roma Gerson,OrganisationMember|Person|NaturalPerson
A.S. Roma Emerson,OrganisationMember|Person|NaturalPerson
A.S. Roma Kostas Manolas,OrganisationMember|Person|NaturalPerson
A.S. Roma Stephan El Shaarawy,OrganisationMember|Person|NaturalPerson
A.S. Roma Iago Falque,OrganisationMember|Person|NaturalPerson
A.S. Roma Norbert Gyömbér,OrganisationMember|Person|NaturalPerson
A.S. Roma Federico Ricci,OrganisationMember|Person|NaturalPerson
A.S. Roma Łukasz Skorupski,OrganisationMember|Person|NaturalPerson
A.S. Roma Lorenzo Di Livio,OrganisationMember|Person|NaturalPerson
A.S. Roma Christian D'Urso,OrganisationMember|Person|NaturalPerson
A.S. Roma Ervin Zukanović,OrganisationMember|Person|NaturalPerson
A.S. Roma Seydou Doumbia,OrganisationMember|Person|NaturalPerson
A.S. Roma Umar Sadiq,OrganisationMember|Person|NaturalPerson
A.S. Roma Ionuț Pop,OrganisationMember|Person|NaturalPerson
A.S. Roma Tomas Švedkauskas,OrganisationMember|Person|NaturalPerson
A.S. Roma Andrea Paolelli,OrganisationMember|Person|NaturalPerson
A.S. Roma Arturo Calabresi,OrganisationMember|Person|NaturalPerson
A.S. Roma Denis Omic,OrganisationMember|Person|NaturalPerson
A.S. Roma Elio Capradossi,OrganisationMember|Person|NaturalPerson
A.S. Roma Leandro Castán,OrganisationMember|Person|NaturalPerson
A.S. Roma Massimo Sammartino,OrganisationMember|Person|NaturalPerson
A.S. Roma Mattia Rosato,OrganisationMember|Person|NaturalPerson
A.S. Roma Mihai Bălașa,OrganisationMember|Person|NaturalPerson
A.S. Roma Nicola Falasco,OrganisationMember|Person|NaturalPerson
A.S. Roma Paolo Frascatore,OrganisationMember|Person|NaturalPerson
A.S. Roma Petar Golubović,OrganisationMember|Person|NaturalPerson
A.S. Roma Tiago Casasola,OrganisationMember|Person|NaturalPerson
A.S. Roma Dario Meadows,OrganisationMember|Person|NaturalPerson
A.S. Roma Ismail H'Maidat,OrganisationMember|Person|NaturalPerson
A.S. Roma Lorenzo Vasco,OrganisationMember|Person|NaturalPerson
A.S. Roma Matteo Ricci,OrganisationMember|Person|NaturalPerson
A.S. Roma José Machín,OrganisationMember|Person|NaturalPerson
A.S. Roma Simone Battaglia,OrganisationMember|Person|NaturalPerson
A.S. Roma William Vainqueur,OrganisationMember|Person|NaturalPerson
A.S. Roma Daniele Verde,OrganisationMember|Person|NaturalPerson
A.S. Roma Ezequiel Ponce,OrganisationMember|Person|NaturalPerson
A.S. Roma Franck Cédric Tchoutou,OrganisationMember|Person|NaturalPerson
A.S. Roma Gabriel Rares Flueras,OrganisationMember|Person|NaturalPerson
A.S. Roma Giammario Piscitella,OrganisationMember|Person|NaturalPerson
A.S. Roma Jacopo Ferri,OrganisationMember|Person|NaturalPerson
A.S. Roma Kevin Méndez,OrganisationMember|Person|NaturalPerson
A.S. Roma Marco Frediani,OrganisationMember|Person|NaturalPerson
A.S. Roma Nemanja Radonjić,OrganisationMember|Person|NaturalPerson
A.S. Roma Moustapha Seck,OrganisationMember|Person|NaturalPerson
A.S. Roma Eros De Santis,OrganisationMember|Person|NaturalPerson
A.S. Roma Riccardo Marchizza,OrganisationMember|Person|NaturalPerson
A.S. Roma Andrea Romagnoli,OrganisationMember|Person|NaturalPerson
A.S. Roma Eduardo Soleri,OrganisationMember|Person|NaturalPerson
A.S. Roma Lorenzo Crisanto,OrganisationMember|Person|NaturalPerson
A.S. Roma Abdullahi Nura,OrganisationMember|Person|NaturalPerson
A.S. Roma NEEP Roma Holding Group,Organisation|Organization|SocialPerson
A.S. Roma A.S. Roma,Organisation|Organization|SocialPerson
Ardal O'Hanlon,Person|NaturalPerson
Albrecht Dürer,Person|NaturalPerson
Australian rules football,Activity
Athanasian Creed,Document|Work|CreativeWork
Anthony Hopkins,Person|NaturalPerson
Advanced Micro Devices,Organisation|Organization|SocialPerson
A cappella,Concept|Genre|TopicalConcept
Aon (company),Organisation|Organization|SocialPerson
Aurangzeb,Person|NaturalPerson
Ann Widdecombe,Person|NaturalPerson
Alberto Giacometti,Person|NaturalPerson
Alicante,City|Settlement|PopulatedPlace|Place|Location
Action Against Hunger,Organization|SocialPerson
Anton Chekhov,Person|NaturalPerson
Ababda people,None
Apoptosis,None
Amazonite,ChemicalSubstance|ChemicalObject
Abacá,Eukaryote|Species
Ambrosius Bosschaert,Person|NaturalPerson
Arc de Triomphe,ArchitecturalStructure|Place|Location
Acantharea,None
Anus,None
African National Congress,Organisation|Organization|SocialPerson
Aarau,PopulatedPlace|Place|Location
Abakan,PopulatedPlace|Place|Location
Abadeh,City|Settlement|PopulatedPlace|Place|Location
Ajanta Caves,Place|Location
Ajmer-Merwara,AdministrativeArea|Region|PopulatedPlace|Place|Location
Arthur St. Clair,Person|NaturalPerson
Aegina,AdministrativeArea|Region|PopulatedPlace|Place|Location
Abbas II of Egypt,Person|NaturalPerson
George Abbot (bishop),Cleric|Person|NaturalPerson
Abbas Mirza,Person|NaturalPerson
Abano Terme,PopulatedPlace|Place|Location
Antoine Thomson d'Abbadie,Person|NaturalPerson
Apache HTTP Server,Work|CreativeWork
Amphetamine,ChemicalSubstance|ChemicalObject
Aswan,PopulatedPlace|Place|Location
André the Giant,Athlete|Person|NaturalPerson
Arthur Phillip,Person|NaturalPerson
Adrastea (moon),CelestialBody|Place|Location
ARY Group,BankOrCreditUnion|Company|Organisation|Organization|SocialPerson
Alexandra,Name
Arapaoa Island,PopulatedPlace|Place|Location
Airbus A300,Product|MeanOfTransportation|DesignedArtifact
Arnulf of Carinthia,Person|NaturalPerson
Alexander Kerensky,Person|NaturalPerson
Ansgar,Cleric|Person|NaturalPerson
Adenylyl cyclase,Biomolecule
Asian Development Bank,Organization|SocialPerson
Adelaide of Italy,Cleric|Person|NaturalPerson
Articolo,Group|Organisation|Organization|SocialPerson|MusicGroup
Ajmer,City|Settlement|PopulatedPlace|Place|Location
Afyonkarahisar,PopulatedPlace|Place|Location
Ajaccio,PopulatedPlace|Place|Location
Abd ar-Rahman II,Person|NaturalPerson
Abd ar-Rahman V,Person|NaturalPerson
Apollos,Cleric|Person|NaturalPerson
Abdera Thrace,AdministrativeArea|Region|PopulatedPlace|Place|Location
Áed mac Cináeda,Person|NaturalPerson
Abd al-Rahman I,Person|NaturalPerson
Abercarn,PopulatedPlace|Place|Location
Abdur Rahman Khan,Person|NaturalPerson
Abdülaziz of the Ottoman Empire,Person|NaturalPerson
Abdul Hamid I,Person|NaturalPerson
Aberdare,PopulatedPlace|Place|Location
Aberfoyle Stirling,PopulatedPlace|Place|Location
Aberdour,PopulatedPlace|Place|Location
Abertillery,PopulatedPlace|Place|Location
Anders Celsius,Person|NaturalPerson
Abergavenny,PopulatedPlace|Place|Location
Amy Grant,Artist|Person|NaturalPerson|MusicGroup
Abersychan,PopulatedPlace|Place|Location
Abd-ar-Rahman III,Person|NaturalPerson
Adam Carolla,Person|NaturalPerson
Aberdeen South Dakota,City|Settlement|PopulatedPlace|Place|Location
Arabian Sea,LakeBodyOfWater|BodyOfWater|NaturalPlace|Place|Location
AutoCAD,Work|CreativeWork
AbiWord,Work|CreativeWork
Aspartame,ChemicalSubstance|ChemicalObject
Atari,Device
Azad Kashmir,AdministrativeArea|Region|PopulatedPlace|Place|Location
Atari Lynx,Device
Annals of Mathematics,PeriodicalLiterature|WrittenWork|Work|CreativeWork
Atari Jaguar,Device
Andalusia,PopulatedPlace|Place|Location
Andrei Sakharov,Person|NaturalPerson
American Registry for Internet Numbers,Organization|SocialPerson
Aron Nimzowitsch,Athlete|Person|NaturalPerson
Aldona of Lithuania,Person|NaturalPerson
Alphabet song,Document|Work|CreativeWork
Australian Army,Organisation|Organization|SocialPerson
Aragonese language,Language
Antigonid dynasty,Country|PopulatedPlace|Place|Location
Latin American Integration Association,Organization|SocialPerson
Aung San Suu Kyi,Person|NaturalPerson
Arthur J. Stone,Person|NaturalPerson
Arthur William à Beckett,Person|NaturalPerson
Amanda Hesser,Person|NaturalPerson
Andrzej Sapkowski,Person|NaturalPerson
Active Server Pages,Work|CreativeWork
ArgoUML,Work|CreativeWork
Archduke Charles Duke of Teschen,Person|NaturalPerson
A Wizard of Earthsea,Book|WrittenWork|Work|CreativeWork
Axayacatl,Person|NaturalPerson
Ahuitzotl,Person|NaturalPerson
Amoxicillin,ChemicalSubstance|ChemicalObject
Augustine of Canterbury,Cleric|Person|NaturalPerson
Alex Lifeson,Artist|Person|NaturalPerson|MusicGroup
Albinism,None
AOL Instant Messenger,Work|CreativeWork
Amr Diab,Artist|Person|NaturalPerson|MusicGroup
Anaïs Nin,Person|NaturalPerson
Association for Computing Machinery,Organization|SocialPerson
Agner Krarup Erlang,Person|NaturalPerson
Anyone Can Whistle,MusicalWork|Work|CreativeWork
Ain't I a Woman%3F (book),Book|WrittenWork|Work|CreativeWork
Anoa,Animal|Eukaryote|Species
AMOS (programming language),Language
Arcadia,Device
A Little Night Music,MusicalWork|Work|CreativeWork
Alcoholism,None
Albanians,None
Ariel Sharon,Politician|Person|NaturalPerson
Amputation,None
Adrian Lamo,Person|NaturalPerson
Alan Jay Lerner,Artist|Person|NaturalPerson|MusicGroup
Arthur Laurents,Person|NaturalPerson
Ann Druyan,Person|NaturalPerson
Alexey Pajitnov,Person|NaturalPerson
Ambrose of Alexandria,Cleric|Person|NaturalPerson
Analcime,ChemicalSubstance|ChemicalObject
Al Capp,Person|NaturalPerson
%60Abdu'l-Bahá,Person|NaturalPerson
Arthur Jensen,Person|NaturalPerson
Austria-Hungary,Country|PopulatedPlace|Place|Location
Aleut,None
Abu al-Faraj al-Isfahani,Person|NaturalPerson
A Funny Thing Happened on the Way to the Forum,MusicalWork|Work|CreativeWork
Amyl nitrite,ChemicalSubstance|ChemicalObject
Aimaq people,None
Accrington,PopulatedPlace|Place|Location
Arcturus,CelestialBody|Place|Location
Albert Brooks,Person|NaturalPerson
Alameda California,City|Settlement|PopulatedPlace|Place|Location
Aldebaran,CelestialBody|Place|Location
Antares,CelestialBody|Place|Location
Altair,CelestialBody|Place|Location
Amu Darya,RiverBodyOfWater|Stream|BodyOfWater|NaturalPlace|Place|Location
Durrani Empire,Country|PopulatedPlace|Place|Location
Australian Broadcasting Corporation,Broadcaster|Organisation|Organization|SocialPerson|Document|Work|CreativeWork
Alexandria Indiana,City|Settlement|PopulatedPlace|Place|Location
Alexandria,PopulatedPlace|Place|Location
Angela Vincent,Person|NaturalPerson
Alexandria West Dunbartonshire,PopulatedPlace|Place|Location
Alexandria Romania,PopulatedPlace|Place|Location
Epsilon Ursae Majoris,CelestialBody|Place|Location
Arianespace,Organisation|Organization|SocialPerson
Akira Toriyama,Person|NaturalPerson
Amiga Plus,Device
Andrew S. Tanenbaum,Person|NaturalPerson
Adolphe Sax,Person|NaturalPerson
Arteriovenous malformation,None
A Doll's House,WrittenWork|Work|CreativeWork
AGM-88 HARM,Device|Product
Ariane,MeanOfTransportation|DesignedArtifact
AIM-7 Sparrow,Device|Product
Andersonville Georgia,City|Settlement|PopulatedPlace|Place|Location
AIM-120 AMRAAM,Device|Product
AGM-65 Maverick,Device|Product
Aspirated consonant,Document|Work|CreativeWork
Alexandria Louisiana,City|Settlement|PopulatedPlace|Place|Location
Atlanta,City|Settlement|PopulatedPlace|Place|Location
AIM-54 Phoenix,Device|Product
Afrobeat,Concept|Genre|TopicalConcept
Adin Steinsaltz,Person|NaturalPerson
Achduart,PopulatedPlace|Place|Location
Achiltibuie,PopulatedPlace|Place|Location
Mexican tetra,Animal|Eukaryote|Species
Lockheed AC-130,Product|MeanOfTransportation|DesignedArtifact
A. E. Housman,Person|NaturalPerson
Ahmed al-Haznawi,Person|NaturalPerson
Ahmed al-Nami,Person|NaturalPerson
Al Capone,Person|NaturalPerson
RUR-5 ASROC,Device|Product
Army of Darkness,Movie|Work|CreativeWork
Athanasius of Alexandria,Cleric|Person|NaturalPerson
Archbishopric of Riga,Country|PopulatedPlace|Place|Location
ACF Fiorentina,SportsTeam|Organisation|Organization|SocialPerson
ACF Fiorentina Luca Lezzerini,OrganisationMember|Person|NaturalPerson
ACF Fiorentina Gonzalo Rodríguez,OrganisationMember|Person|NaturalPerson
ACF Fiorentina Sebastian De Maio,OrganisationMember|Person|NaturalPerson
ACF Fiorentina Milan Badelj,OrganisationMember|Person|NaturalPerson
ACF Fiorentina Carlos Sánchez,OrganisationMember|Person|NaturalPerson
ACF Fiorentina Mauro Zárate,OrganisationMember|Person|NaturalPerson
ACF Fiorentina Matías Vecino,OrganisationMember|Person|NaturalPerson
ACF Fiorentina Nikola Kalinić,OrganisationMember|Person|NaturalPerson
ACF Fiorentina Federico Bernardeschi,OrganisationMember|Person|NaturalPerson
ACF Fiorentina Hernán Toledo,OrganisationMember|Person|NaturalPerson
ACF Fiorentina Ciprian Tătărușanu,OrganisationMember|Person|NaturalPerson
ACF Fiorentina Davide Astori,OrganisationMember|Person|NaturalPerson
ACF Fiorentina Maximiliano Olivera,OrganisationMember|Person|NaturalPerson
ACF Fiorentina Cristian Tello,OrganisationMember|Person|NaturalPerson
ACF Fiorentina Kevin Diks,OrganisationMember|Person|NaturalPerson
ACF Fiorentina Carlos Salcedo,OrganisationMember|Person|NaturalPerson
ACF Fiorentina Sebastián Cristóforo,OrganisationMember|Person|NaturalPerson
ACF Fiorentina Borja Valero,OrganisationMember|Person|NaturalPerson
ACF Fiorentina Ianis Hagi,OrganisationMember|Person|NaturalPerson
ACF Fiorentina Federico Chiesa,OrganisationMember|Person|NaturalPerson
ACF Fiorentina Khouma Babacar,OrganisationMember|Person|NaturalPerson
ACF Fiorentina Hrvoje Milić,OrganisationMember|Person|NaturalPerson
ACF Fiorentina Nenad Tomović,OrganisationMember|Person|NaturalPerson
ACF Fiorentina Josip Iličić,OrganisationMember|Person|NaturalPerson
ACF Fiorentina Bartłomiej Drągowski,OrganisationMember|Person|NaturalPerson
ACF Fiorentina Ricardo Bagadur,OrganisationMember|Person|NaturalPerson
ACF Fiorentina Gilberto,OrganisationMember|Person|NaturalPerson
ACF Fiorentina Lorenzo Venuti,OrganisationMember|Person|NaturalPerson
ACF Fiorentina Matías Fernández,OrganisationMember|Person|NaturalPerson
ACF Fiorentina Simone Minelli,OrganisationMember|Person|NaturalPerson
ACF Fiorentina Amidu Salifu,OrganisationMember|Person|NaturalPerson
ACF Fiorentina Andrés Schetino,OrganisationMember|Person|NaturalPerson
ACF Fiorentina Jaime Báez,OrganisationMember|Person|NaturalPerson
ACF Fiorentina Steve Leo Beleck,OrganisationMember|Person|NaturalPerson
ACF Fiorentina Ante Rebić,OrganisationMember|Person|NaturalPerson
ACF Fiorentina Giuseppe Rossi,OrganisationMember|Person|NaturalPerson
Azores,AdministrativeArea|Region|PopulatedPlace|Place|Location
Arno,RiverBodyOfWater|Stream|BodyOfWater|NaturalPlace|Place|Location
Albert Frederick Duke of Prussia,Person|NaturalPerson
National Alliance (Italy),Organisation|Organization|SocialPerson
Amygdalin,ChemicalSubstance|ChemicalObject
Amblygonite,ChemicalSubstance|ChemicalObject
Apostles' Creed,Document|Work|CreativeWork
Anthony the Great,Cleric|Person|NaturalPerson
Ansbach,Settlement|PopulatedPlace|Place|Location
Anthony of Saxony,Person|NaturalPerson
Albert III Duke of Saxony,Person|NaturalPerson
Arlo Guthrie,Artist|Person|NaturalPerson|MusicGroup
The Birth of a Nation,Movie|Work|CreativeWork
Bonn,City|Settlement|PopulatedPlace|Place|Location
Baltic Sea,SeaBodyOfWater|BodyOfWater|NaturalPlace|Place|Location
BearShare,Work|CreativeWork
Benjamin Lee Whorf,Person|NaturalPerson
The Bronx,City|Settlement|PopulatedPlace|Place|Location
Belgium,Country|PopulatedPlace|Place|Location
Blues,Concept|Genre|TopicalConcept|Document|Work|CreativeWork
Bill Clinton,Politician|Person|NaturalPerson|Document|Work|CreativeWork
Berlin,City|Settlement|PopulatedPlace|Place|Location|Document|Work|CreativeWork
Boron nitride,ChemicalSubstance|ChemicalObject
The Beverly Hillbillies,Work|CreativeWork
Love and Theft (Bob Dylan album),MusicAlbum|MusicalWork|Work|CreativeWork
Blood on the Tracks,MusicAlbum|MusicalWork|Work|CreativeWork
Black Forest,NaturalPlace|Place|Location
Black Sea,SeaBodyOfWater|BodyOfWater|NaturalPlace|Place|Location
Britney Spears,Person|NaturalPerson|Document|Work|CreativeWork
Brazil,Country|PopulatedPlace|Place|Location
Branchiopoda,Animal|Eukaryote|Species
Gautama Buddha,Person|NaturalPerson
Baruch Spinoza,Person|NaturalPerson
Bird,Document|Work|CreativeWork
...Baby One More Time (album),MusicAlbum|MusicalWork|Work|CreativeWork
Cue sports,Activity
Symphony No. (Beethoven),Document|Work|CreativeWork
Baker Island,PopulatedPlace|Place|Location
Beavis and Butt-Head,Work|CreativeWork
Bulgaria,Country|PopulatedPlace|Place|Location
Bursa,City|Settlement|PopulatedPlace|Place|Location
The Bahamas,Country|PopulatedPlace|Place|Location
Bangladesh,Country|PopulatedPlace|Place|Location
Bassas da India,Country|PopulatedPlace|Place|Location
Barbados,Country|PopulatedPlace|Place|Location
Benin,Country|PopulatedPlace|Place|Location
Belize,Country|PopulatedPlace|Place|Location
Belarus,Country|PopulatedPlace|Place|Location
Bolivia,Country|PopulatedPlace|Place|Location
Brunei,Country|PopulatedPlace|Place|Location
Bermuda,Country|PopulatedPlace|Place|Location
Bosnia and Herzegovina,Country|PopulatedPlace|Place|Location
Lhop people,None
Armed Forces of Belarus,Organisation|Organization|SocialPerson
Burkina Faso,Country|PopulatedPlace|Place|Location
British Virgin Islands,Country|PopulatedPlace|Place|Location
Armed Forces of Bosnia and Herzegovina,Organisation|Organization|SocialPerson
Brazilian Armed Forces,Organisation|Organization|SocialPerson
Military of Burkina Faso,Organisation|Organization|SocialPerson
Military of Burundi,Organisation|Organization|SocialPerson
Bulgarian Armed Forces,Organisation|Organization|SocialPerson
Bjarne Stroustrup,Person|NaturalPerson
Bell Labs,Organisation|Organization|SocialPerson
Brain,None
Brussels,PopulatedPlace|Place|Location
Bass music,Concept|Genre|TopicalConcept
Bhangra (music),Concept|Genre|TopicalConcept
Bluetooth Special Interest Group,Organization|SocialPerson
Berlin Wall,ArchitecturalStructure|Place|Location|Document|Work|CreativeWork
Benny Andersson,Person|NaturalPerson
Björn Ulvaeus,Person|NaturalPerson
Boney M.,Group|Organisation|Organization|SocialPerson|MusicGroup
Basque language,Language
British Isles,PopulatedPlace|Place|Location
Beastie Boys,Group|Organisation|Organization|SocialPerson|MusicGroup
Blade Runner,Movie|Work|CreativeWork
Bill Gates,Person|NaturalPerson
Brandenburg,AdministrativeArea|Region|PopulatedPlace|Place|Location
Bavaria,AdministrativeArea|Region|PopulatedPlace|Place|Location
Bille August,Person|NaturalPerson
Bundestag,Organisation|Organization|SocialPerson
Bal Thackeray,Person|NaturalPerson
Brassicaceae,Eukaryote|Species
BMW,Organisation|Organization|SocialPerson
Boogie Down Productions,Group|Organisation|Organization|SocialPerson|MusicGroup
Battle of Bosworth Field,SocietalEvent|Event
Bornholm,PopulatedPlace|Place|Location
Bitola,PopulatedPlace|Place|Location
Bumin Qaghan,Person|NaturalPerson
Barb Wire,FictionalCharacter|Person|NaturalPerson
Bilge Khagan,Person|NaturalPerson
Bauhaus,Place|Location
Brain abscess,None
Bruce Sterling,Person|NaturalPerson
Banjo,Document|Work|CreativeWork
Brigitte Bardot,Person|NaturalPerson
Blazing Saddles,Movie|Work|CreativeWork
Baseball,Activity
Major League Baseball Most Valuable Player Award,None
Major League Baseball Rookie of the Year Award,None
Bluetongue disease,None
Bruce Perens,Person|NaturalPerson
Herman Boerhaave,Person|NaturalPerson
Basketball,Activity
Bastille Day,TimeInterval
Blue Velvet (film),Movie|Work|CreativeWork
British and Irish Lions,SportsTeam|Organisation|Organization|SocialPerson
Bernard Montgomery,Person|NaturalPerson
Benjamin Disraeli,Politician|Person|NaturalPerson
Bagpipes,Document|Work|CreativeWork
Badminton,Activity
Bill Joy,Person|NaturalPerson
Bicarbonate,ChemicalSubstance|ChemicalObject
Bernie Federko,WinterSportPlayer|Athlete|Person|NaturalPerson
British Airways,Company|Organisation|Organization|SocialPerson
Blood,None
Bram Stoker,Person|NaturalPerson
United Kingdom general election,SocietalEvent|Event
Battle of Pharsalus,SocietalEvent|Event
Bar Kokhba (album),MusicAlbum|MusicalWork|Work|CreativeWork
BASIC,Language
Buffalo New York,City|Settlement|PopulatedPlace|Place|Location
Benoit Mandelbrot,Person|NaturalPerson
Benjamin Franklin,Person|NaturalPerson
Benedict of Nursia,Cleric|Person|NaturalPerson
Bing Crosby,Person|NaturalPerson
Borland,Organisation|Organization|SocialPerson
Bill Watterson,Person|NaturalPerson
Black,None
Bubble tea,FunctionalSubstance
BCPL,Language
Bletchley Park,Building|ArchitecturalStructure|Place|Location
Brian Kernighan,Person|NaturalPerson
Buckminster Fuller,Person|NaturalPerson
Bede,Cleric|Person|NaturalPerson
Battle of Blenheim,SocietalEvent|Event
Battle of Ramillies,SocietalEvent|Event
Bob Hawke,Person|NaturalPerson
Bronski Beat,Group|Organisation|Organization|SocialPerson|MusicGroup
Bertrand Andrieu,Person|NaturalPerson
Brainfuck,Language
Blaise Pascal,Person|NaturalPerson
Blade Runner 2: The Edge of Human,Book|WrittenWork|Work|CreativeWork
National Baseball Hall of Fame and Museum,Building|ArchitecturalStructure|Place|Location
Puzzle Bobble,Software|Work|CreativeWork
Bone,None
Benzoic acid,ChemicalSubstance|ChemicalObject
Blythe Danner,Person|NaturalPerson
Bordeaux,PopulatedPlace|Place|Location
Bordeaux Port of the Moon,Place|Location
Branco River,RiverBodyOfWater|Stream|BodyOfWater|NaturalPlace|Place|Location
CIM-10 Bomarc,Product|MeanOfTransportation|DesignedArtifact
Battle of Lostwithiel,SocietalEvent|Event
Bill Atkinson,Person|NaturalPerson
Bulgarian language,Language
Boston Herald,PeriodicalLiterature|WrittenWork|Work|CreativeWork
Bali,PopulatedPlace|Place|Location
Bali island,PopulatedPlace|Place|Location
Brown University,CollegeOrUniversity|EducationalInstitution|EducationalOrganization|Organisation|Organization|SocialPerson
Benelux,Organization|SocialPerson
Boeing,Product|MeanOfTransportation|DesignedArtifact
Bill Walsh (American football coach),GridironFootballPlayer|Athlete|Person|NaturalPerson
Bertrand Russell,Person|NaturalPerson
Bill Schelter,Person|NaturalPerson
Berry Berenson,Person|NaturalPerson
Brion Gysin,Person|NaturalPerson
Bacillus thuringiensis,Species
BCG vaccine,ChemicalSubstance|ChemicalObject
Common buzzard,Animal|Eukaryote|Species
Barbara Olson,Person|NaturalPerson
Babe Ruth,Athlete|Person|NaturalPerson
Barnard's Star,CelestialBody|Place|Location
Boötes,CelestialBody|Place|Location
Brian De Palma,Person|NaturalPerson
Bassoon,Document|Work|CreativeWork
Cell (biology),None
Barry Lyndon,Movie|Work|CreativeWork
Order of Saint Benedict,Organization|SocialPerson
Berthe Morisot,Person|NaturalPerson
Bowls,Activity
Bayezid I,Person|NaturalPerson
Bayezid II,Person|NaturalPerson
Bobby Charlton,SportsManager|Person|NaturalPerson|TimePeriod
Burgundians,Language
Big Brother (Nineteen Eighty-Four),Person|NaturalPerson
North American B-25 Mitchell,Product|MeanOfTransportation|DesignedArtifact
Barcelonnette,PopulatedPlace|Place|Location
Buffy the Vampire Slayer (film),Movie|Work|CreativeWork
Buffy the Vampire Slayer (film) Buffy the Vampire Slayer Original Motion Picture S,MusicAlbum|MusicalWork|Work|CreativeWork
Belle and Sebastian,Group|Organisation|Organization|SocialPerson|MusicGroup|Document|Work|CreativeWork
Barnard College,CollegeOrUniversity|EducationalInstitution|EducationalOrganization|Organisation|Organization|SocialPerson
Beechcraft,Organisation|Organization|SocialPerson
Battle of Peleliu,SocietalEvent|Event
Bodhidharma,Person|NaturalPerson
Bocce,Activity
Baltimore Ravens,SportsTeam|Organisation|Organization|SocialPerson
Beltane,TimeInterval
Baptism,Place|Location
Battle of Stalingrad,SocietalEvent|Event
Bethlehem,PopulatedPlace|Place|Location
British National Party,Organisation|Organization|SocialPerson
Big Dig,ArchitecturalStructure|Place|Location
Backgammon,Activity
Black Sabbath,Group|Organisation|Organization|SocialPerson|MusicGroup
Buffalo Bills,SportsTeam|Organisation|Organization|SocialPerson
Blackadder,Work|CreativeWork
Batman,FictionalCharacter|Person|NaturalPerson
Boston Red Sox,SportsTeam|Organisation|Organization|SocialPerson
Bohemia,PopulatedPlace|Place|Location
BBC Red Button,TelevisionStation|Broadcaster|Organisation|Organization|SocialPerson
Blind Blake,Artist|Person|NaturalPerson|MusicGroup
BBC Radio,RadioStation|Broadcaster|Organisation|Organization|SocialPerson
Battle of Waterloo,SocietalEvent|Event
Baltimore Orioles,SportsTeam|Organisation|Organization|SocialPerson
Brian Lara,Athlete|Person|NaturalPerson
Barry Bonds,Athlete|Person|NaturalPerson
British Rail,Organisation|Organization|SocialPerson
Big Brother (franchise),Work|CreativeWork
Northrop Grumman B-2 Spirit,Product|MeanOfTransportation|DesignedArtifact
Bristol City F.C.,SportsTeam|Organisation|Organization|SocialPerson
Bristol City F.C. Frank Fielding,OrganisationMember|Person|NaturalPerson
Bristol City F.C. Mark Little,OrganisationMember|Person|NaturalPerson
Bristol City F.C. Joe Bryan,OrganisationMember|Person|NaturalPerson
Bristol City F.C. Aden Flint,OrganisationMember|Person|NaturalPerson
Bristol City F.C. Joel Ekstrand,OrganisationMember|Person|NaturalPerson
Bristol City F.C. Gary O'Neil,OrganisationMember|Person|NaturalPerson
Bristol City F.C. Korey Smith,OrganisationMember|Person|NaturalPerson
Bristol City F.C. Josh Brownhill,OrganisationMember|Person|NaturalPerson
Bristol City F.C. Tammy Abraham,OrganisationMember|Person|NaturalPerson
Bristol City F.C. Lee Tomlin,OrganisationMember|Person|NaturalPerson
Bristol City F.C. Callum O'Dowda,OrganisationMember|Person|NaturalPerson
Bristol City F.C. Richard O'Donnell,OrganisationMember|Person|NaturalPerson
Bristol City F.C. Scott Golbourne,OrganisationMember|Person|NaturalPerson
Bristol City F.C. Bobby Reid,OrganisationMember|Person|NaturalPerson
Bristol City F.C. Luke Freeman,OrganisationMember|Person|NaturalPerson
Bristol City F.C. Gustav Engvall,OrganisationMember|Person|NaturalPerson
Bristol City F.C. Taylor Moore,OrganisationMember|Person|NaturalPerson
Bristol City F.C. Aaron Wilbraham,OrganisationMember|Person|NaturalPerson
Bristol City F.C. Jamie Paterson,OrganisationMember|Person|NaturalPerson
Bristol City F.C. Marlon Pack,OrganisationMember|Person|NaturalPerson
Bristol City F.C. Hörður Björgvin Magnússon,OrganisationMember|Person|NaturalPerson
Bristol City F.C. Lloyd Kelly,OrganisationMember|Person|NaturalPerson
